entry_id,Total Volume of Bookings
mkt_4036,2.0
mkt_2533,200.0
mkt_4114,178.0
mkt_3635,10.0
mkt_1937,6.0
mkt_3304,1.0
mkt_278,64.0
mkt_896,12.0
mkt_912,1.0
mkt_2283,1.0
mkt_2709,1.0
mkt_2790,1.0
mkt_1281,5.0
mkt_004,2.0
mkt_867,1.0
mkt_4321,1.0
mkt_3956,7.0
mkt_4185,1.0
mkt_1657,3.0
mkt_2860,2.0
mkt_2869,2.0
mkt_3137,1.0
mkt_2927,1.0
mkt_2978,1.0
mkt_2091,1.0
mkt_1484,0.0
mkt_2047,1.0
mkt_093,1.0
mkt_2114,1.0
mkt_685,1.0
mkt_4409,6.0
mkt_463,1.0
mkt_1379,3.0
mkt_087,3.0
mkt_728,2.0
mkt_663,1.0
mkt_2141,1.0
mkt_380,1.0
mkt_3413,2.0
mkt_3291,1.0
mkt_2302,1.0
mkt_2014,2.0
mkt_3004,1.0
mkt_4188,3.0
mkt_3913,1.0
mkt_4475,1.0
mkt_1016,1.0
mkt_3120,1.0
mkt_048,1.0
mkt_286,1.0
mkt_1116,0.0
mkt_441,0.0
mkt_4330,0.0
mkt_2509,0.0
mkt_3183,0.0
mkt_458,0.0
mkt_345,0.0
mkt_992,0.0
mkt_3253,0.0
mkt_809,0.0
mkt_3830,0.0
mkt_3096,0.0
mkt_103,0.0
mkt_2489,0.0
mkt_4111,0.0
mkt_3391,0.0
mkt_2834,0.0
mkt_1371,0.0
mkt_3292,0.0
mkt_4123,0.0
mkt_1779,0.0
mkt_2191,0.0
mkt_1378,0.0
mkt_2791,0.0
mkt_1924,0.0
mkt_1671,0.0
mkt_2506,0.0
mkt_623,0.0
mkt_1629,0.0
mkt_2066,0.0
mkt_3327,0.0
mkt_4392,0.0
mkt_3453,0.0
mkt_1436,0.0
mkt_2990,0.0
mkt_2057,0.0
mkt_3916,0.0
mkt_3031,0.0
mkt_3289,0.0
mkt_735,0.0
mkt_3928,0.0
mkt_561,0.0
mkt_779,0.0
mkt_3702,0.0
mkt_419,0.0
mkt_3767,0.0
mkt_826,0.0
mkt_2876,0.0
mkt_898,0.0
mkt_3040,0.0
